Group,Pre-2022 Count,Post-2022 Count,Pre-2022 SDQI,Post-2022 SDQI,SDQI Change,Pre-2022 Completeness,Post-2022 Completeness,Completeness Change,Pre-2022 Primary Data,Post-2022 Primary Data,Primary Data Change,Pre-2022 MDR,Post-2022 MDR,MDR Change
Global,22991,10690,0.3060338394632289,0.40353289766036116,0.09749905819713228,0.35545004497964355,0.4925479976836385,0.13709795270399494,0.19072935992492807,0.1958309976060474,0.005101637681119348,0.45855054359469133,0.5923147240453134,0.13376418045062205
EU-27 Only,4818,1759,0.3464076597999977,0.5126432455197194,0.1662355857197217,0.4046223816771762,0.6178228520894808,0.21320047041230467,0.21057330875324803,0.2672241635236092,0.05665085477036119,0.4964671697704076,0.7196853822067012,0.22321821243629358
Non-EU Only,18173,8931,0.29532998944492966,0.38204313146568963,0.08671314202075997,0.34241354477556535,0.4678745603418093,0.12546101556624395,0.18546836034011294,0.18176979742141064,-0.0036985629187022973,0.44849814140932837,0.5672285088727816,0.11873036746345328
United States,3874,1448,0.35661524383647103,0.4457820014865429,0.08916675765007187,0.41018655095836304,0.5484609313338595,0.1382743803754965,0.23161552721872286,0.20619783184280424,-0.02541769537591862,0.5354321200797711,0.6459541896869245,0.11052206960715338
