reporting_year,China,EU-27,Japan,Rest_of_World,United States
2018,0.14877106719990105,0.3955789594949495,0.3593767573579198,0.3451230813198251,0.3825764233563499
2019,0.17153072999604815,0.3198118394304108,0.3240661588969821,0.29923300603009206,0.3412010405219485
2020,0.18399391628106096,0.32394023383120946,0.3071439701993729,0.2908156814565321,0.34469832367517295
2021,0.2288852680613504,0.3577063234037133,0.30307220149055597,0.30226126754971344,0.36306321758431753
2022,0.31822097509540054,0.5184805670744962,0.3513189908338831,0.3894239836052162,0.462160196717824
2023,0.15461534186853335,0.39171700392817055,0.4827042736211021,0.37231909849820666,0.3392813019256219
