SDQI Specification,Verification Coefficient,Std Error,CI Lower,CI Upper,P-value,R-squared,N
0.5 × CS + 0.5 × PDR,0.3142529322153025,0.005825570107320808,0.30283502461554057,0.3256708398150644,0.0,0.310970292541318,33681
0.6 × CS + 0.4 × PDR,0.33290700644053123,0.005875347135504411,0.321391537658272,0.34442247522279046,0.0,0.3229547148138605,33681
0.7 × CS + 0.3 × PDR  (main),0.3515610806657603,0.006043711807463732,0.33971562319019194,0.36340653814132867,0.0,0.3273127838854307,33681
0.8 × CS + 0.2 × PDR,0.37021515489098916,0.0063211954899607065,0.35782583939142915,0.3826044703905492,0.0,0.3256458831120165,33681
0.6 × CS + 0.2 × PDR + 0.2 × MDR,0.37444024282375105,0.006255953295669289,0.3621787996752746,0.3867016859722275,0.0,0.33643941963619317,33681
